{
    "3456253028": {
        "id": "3456253028",
        "name": "kamal",
        "email": "indianhealper@gmail.com",
        "number": "8883838383838",
        "DOB": "its DOB",
        "password": "anypassword",
        "location": "hello this is a location object",
        "cookie": "fbabasd iasddibasdhbhasdib saasdlbasdib asdciasdib asdiliibbsdliu ",
        "accessToken": "oduauyyasgasygdyasiuasasdliasdi",
        "lastLogin": "its date time now",
        "accountCreationDateTime": "its date time now"
    },
    "1005323633": {
        "id": "1005323633",
        "name": "lamak",
        "email": "lamahjhhk",
        "number": "8883838383838",
        "DOB": "its DOB",
        "password": "anypassword",
        "location": "hello this is a location object",
        "cookie": "fbabasd iasddibasdhbhasdib saasdlbasdib asdciasdib asdiliibbsdliu ",
        "accessToken": "oduauyyasgasygdyasiuasasdliasdi",
        "lastLogin": "its date time now",
        "accountCreationDateTime": "its date time now"
    }
}